<?xml version='1.0' encoding='utf-8'?>
<!DOCTYPE hibernate-configuration PUBLIC
        "-//Hibernate/Hibernate Configuration DTD 3.0//EN"
        "http://www.hibernate.org/dtd/hibernate-configuration-3.0.dtd">

<hibernate-configuration>

	<session-factory>

		<!-- Database connection settings -->
		<property name="connection.driver_class">com.mysql.jdbc.Driver</property>
		<property name="connection.url">jdbc:mysql://localhost:3306/ams</property>
		<property name="connection.username">root</property>
		<property name="connection.password">system</property>

		<!-- JDBC connection pool (use the built-in) -->
		<property name="connection.pool_size">1</property>

		<!-- SQL dialect -->
		<property name="dialect">org.hibernate.dialect.MySQL5Dialect</property>

		<!-- Enable Hibernate's automatic session context management -->
		<property name="current_session_context_class">thread</property>

		<!-- Disable the second-level cache -->
		<property name="cache.provider_class">org.hibernate.cache.NoCacheProvider</property>

		<!-- Echo all executed SQL to stdout -->
		<property name="show_sql">true</property>
		<property name="format_sql">true</property>

		<!-- Drop and re-create the database schema on startup -->
		<property name="hbm2ddl.auto">create</property>

		<!-- Mapping Resources -->
		
		<mapping class="ams.model.Admin" />
		<mapping class="ams.model.AdminPassword" />
		<mapping class="ams.model.Agent" />
		<mapping class="ams.model.Appointment" />
		<mapping class="ams.model.Customer" />
		<mapping class="ams.model.CustomerPassword" />
		<mapping class="ams.model.Policy" />
		<mapping class="ams.model.RegisteredPolicy" />		

	</session-factory>

</hibernate-configuration>